Project,BIC,BFC,Bug-inducing Development Activity,Compatibility Errors,Intrinsic Errors,Location With Fixing Changes,Feature Interaction,Knowledge,Change Size,Description
yegor256/cactoos,7775a67e7a6ce47f8a6a54309a21221147cb0328,04cbe164b6d65830374c282cdf01f1ca9a27f37f,feat,No,Unchecked Null,Same Location,0,Programming,945,"bic overrides the hashcode and equals methods for MapEnvelope, but does not handle when entry.value is empty"
alibaba/fastjson,75cea7753a57847538ca9c6c59b0687cd9589b7b,07e7ba5982fe0ba3e8a75ba034102d8d71c1f1d0,perf,No,Business Error,Same Method,0,Project & Domain,381,"Bic wants to optimize the performance of deserializing floating point numbers. When the length is small, it is calculated directly, but the related integer variables use the int type, which causes an overflow error."
alibaba/fastjson,12fd92fb1c41e5b9aa6ec4455d8802911e179052,f5e9d59a441601f517a1cc9efe10d5ee72864ca8,feat,No,Business Error,Same Method,0,Project & Domain,420,"Previously, BIC could only parse fieldnames with _ in the front. BIC wanted to support _ in other positions, so it directly replaced _, causing a and a_ to point to the same field."
jhy/jsoup,2cce405d1eed3536b222f830220ef32f5a2937d7,7c60ac132afc0034da18bfe969e18046994f9427,fix,Data Flow,No,Same Class,1,Project & Domain,419,"Before BIC, the unknown tag was treated as a block by default. BIC changed it to inline, but the center tag was not processed at this time."
jmrozanec/cron-utils,aeaff59fbbcaf65363ac75eb29cb589ed6c855f8,e3e2188827100a2236338b7c754057b118daadf1,feat,No,Business Error,Same Method,0,Project & Domain,1948,"bic divides the nextExecution of the work version into multiple methods, but reduces the process. The work version uses NearestValue daysValue = days.getNextValue(day, hoursValue.getShifts()); to calculate the next day"
jmrozanec/cron-utils,1ca44547bfda1b7f86388df3095bcdc1dfe29d0d,137a6e8283bee70cffa653cd5cc77fc5841cd42e,feat,Data Flow,No,Different Packages,0,Project,3142,"The default values ​​of start and end are 1, 12, 1, and 31. So when period is set to 12 intervals, the above condition is False, causing an exception to be thrown later."
jmrozanec/cron-utils,fe62c30f1f8fa0b15570656d104ab0b6b63ef7e1,8127cb46331d77ae84c5b2594e54deaf809cb690,feat,No,Business Error,Same Method,1,Domain,10827,"Bic adds adaptation for last day and support for L character. Instead of using corresponding API (key is searched in map, no attempt is made to convert to int), it directly converts to int, causing exception to be thrown."
jmrozanec/cron-utils,190b51de680b0b55b4f3fff466e4299516074a0f,b173df7c5ba6f9042ed388380b94e2c249765d94,refactor,No,Business Error,Same Method,0,Programming,2640,"Bic has done a lot of refactoring and modified the logic of buildPossibleExpressions, which makes it unable to support multiple situations."
jmrozanec/cron-utils,ad5c907cb8ce0e31ddae131d51df89c78475c426,4f6fb3c01077574271dc8874d32118eb5474f898,feat,No,Business Error,Same Location,0,Project & Domain,1802,Bic tries to enhance parsing and directly returns every hour when both minutes and seconds are 0. This logic is incorrect.
yegor256/cactoos,7d703932682ab2094f62f45588b7db9fcd15acea,b0f97d7c9b3044d733995da4815b04c34d87c331,feat,Invocation,No,Same Package,1,Project,348,"Add overload WriterAsOutputStream.close(). There is a call to output.close in TeeInputStream. It should be changed to output.flush. The previous close does nothing. Now the closed of Writer is set to true, which is not allowed."
yegor256/cactoos,5771bc881e19fd56c1ab3ca05a59dee5b47b4272,34b1ffdd8f154886e35f78496ec172668100f764,feat,No,Business Error,Same Location,0,Programming,448,"BIC added a restriction that an exception will be thrown if the result is null, but BFC removed this restriction."
yegor256/cactoos,3796bf19195a07490f262d3aea96313d2c23afd0,d4538f89901d3b47affcefd3ba2c26b1fd281846,feat,No,Business Error,Same Method,0,Programming,1031,"BIC implements equals(), but does not handle null"
alibaba/fastjson,c929dfe9bbebaf28315b161c8d34846ea922062e,1f846a35af90d97a6db0039e4b63e26d42f82f41,feat,Data Flow,No,Same Class,1,Project,2035,"When bic enhances parsing depth, it changes ""else"" to ""else if"", causing items that cannot be parsed to not be added to the result set"
alibaba/fastjson,7cc1a5e8fd3d021f970900a01b51442699ce36c4,6760ddf8215081adee7a806053faf0ec8ae58ba1,feat,Invocation,No,Same Class,1,Project,5814,"Bic strengthens writeString to specify single and double quotes, but forgets to write delimiters for null values ​​when using double quotes"
alibaba/fastjson,010691b365090a312d096dde96059d4fd2cb90ea,4a9ca8518545eaf6d2f3d3e437b2d2af0af57bff,fix,No,Unchecked Null,Same Location,1,Project & Domain,413,"Added detection of ref when serializing writeValue, but references may be null when serializer.references.containKeys"
alibaba/fastjson,07cb5802afe7d30e3b33cce3f69bc599c9d79e75,6c04c0bcb09a2b7d01673242bb3e37ca039b1f18,feat,Data Flow,No,Different Packages,1,Project,15261,"Parsing json string:{""@type"":""com.alibaba.fastjson.serializer.TestBean"",""data"":{""@type"":""com.alibaba.fastjson.JSONObject"",""key"":""value""},""name"":""tester""} is added to the serialized data, which causes incompatibility during deserialization."
alibaba/fastjson,1b3fe247e4138566eb1b43feae2d8f0ecda65a5c,4792fb25cc782ac7c9ac4bc4e0434751811e660b,fix,Data Flow,No,Different Packages,1,Project & Domain,2058,"The constructor adds a class parameter, which causes the class of the field to become an accurate type instead of a generic type. The type is incorrect when the method is called later."
alibaba/fastjson,89a4352e54257266615c0cb3a13ccf9149f8fd04,87151e70ef7980ffa6dcb3ed14f8b4986496886a,perf,No,Business Error,Same Method,0,Project & Domain,4614,"Override the scanFieldStringArray method to record bp as the last position, resulting in an incorrect value"
alibaba/fastjson,d2833977b4125636de66c808efc8353ce9a7a3c4,7aac9404cecf7058133bfd6f5480093946aa3eb3,perf,No,Business Error,Same Class,0,Project & Domain,1010,"After checkvalue, you should not jump directly to the end, but need to continue processing"
alibaba/fastjson,4061f6a3845e7a3ecdc3997abcd01c03e0714853,b15fa868ae7497b855091ddfde90b42d76dd27d8,feat,No,API Misuse,Same Location,1,Project & Domain,7813,"It should have been astore-iload, but was changed to insn(aconst_null)-astotre"
alibaba/fastjson,d48df21c69236ffb13213c204001be665b014540,13a32cb12db9200d960e0ec9f5690c6a022cc39f,feat,No,Business Error,Same Location,0,Domain,1194,"Add a branch when Character.isUpperCase(methodName.charAt(4)) directly gets the text after the getter, which does not conform to the assert"
alibaba/fastjson,02e9deba3f6e4356a89d54d86adac379fd5de8f4,26990ad3bfb4554e944f2d2da45fcc08b8786906,perf,No,Business Error,Same Location,0,Project,2307,"The positive long 9,223,372,036,854,775,807 is out of bounds, the negative -9,223,372,036,854,775,808 is out of bounds, BIC wants to add the boundary of negative numbers but it is wrong"
alibaba/fastjson,3d5218c9eb06ecb5c5066b3e541987e1dc8f0729,ebe948a95b398e2a2fa63c5376f24621d86c3cb3,feat,No,Business Error,Same Class,1,Project,5544,"When the value is set, writeReference will also be triggered. However, no parent is prepared for the value contxt, resulting in a null pointer. In addition, the lack of a ref value plus [] deserialization also has similar problems. This change introduces three bugs"
alibaba/fastjson,30116a9f30c28dc3bae7885b37f2d94a5db5274f,a9f054c920550f7a861c99455fa9e1b9e5ba5521,feat,No,Business Error,Same Method,0,Domain,908,"Added a method to remove [ from [java.lang.string], but did not consider that Ljava.lang.String; needs to remove L;"
alibaba/fastjson,ef50a5b756a6cab1ab753f4a661bdfb0ccbd6b7e,c3ea528564531fdf8103572add108a2e7d72eeab,fix,No,Cast Error,Same Location,1,Programming,1150,java.lang.Class cannot be cast to java.lang.reflect.ParameterizedType This code is responsible for two functions
alibaba/fastjson,d50b584f3e9ffd37d82ac0cad62c196707417957,35770dcc18f88185c17af16a8f285bb93cecbdda,perf,No,Business Error,Same Method,0,Project & Domain,10649,"Improve efficiency, omit the logic work. No matter what BP is, it will be reset to 1 and traversed again. In bic, I want to solve it by recording BP once, but I forget to record the end symbol,}"
alibaba/fastjson,67f5c9da2ce0e7582610ac9408aed99ce6557f6c,c4632d1a33c6d9fc9d6b61f00a0aa710995438ec,perf,Invocation,No,Different Packages,1,Project & Domain,7394,"Improve efficiency. When parsing reference objects in map, the new code of bic generates a new symbol scanSymbolUnQuoted which cannot be processed."
alibaba/fastjson,21c2f4b2f963c044e4adafef4ddd966661526af9,7154e20e0fa11675b700d9812d3f4da1b599325f,fix,Invocation,No,Same Package,1,Project,1790,"Bic adds code to call eval to analyze the type when refvalue=null, but there is no processing of custom objects in eval. index=0 returns the custom object type"
alibaba/fastjson,ba8f4cb77a2f37497012499660ac2a82371efc5b,fb2f4d3b37fbab3814b0b3d6c0768ca4f2e7b76e,perf,No,API Misuse,Same Location,1,Project,8910,context is a backup object used to restore serializer.contex at the end of the method. serializer.context will be pointed to a new pointer object in the newly added code. serializer.references.put(object.context) should use serializer.context
alibaba/fastjson,2f1127017be74efe89a16eb08d83dd629728faa2,0e257a3f8c96588d04e128668a61bf9ff6d0f720,fix,No,Business Error,Same Method,1,Project,625,Bic returns the writer and causes IndexOutofBoundsException
alibaba/fastjson,010fc0ab5933f3aa001b868be9d164f2bd31f231,52513b337c857fd590f07a7e6fba2c8ac2bb4edc,feat,No,Business Error,Same Method,0,Project,460,BIC hopes to add parsing logic for slashes and adds processing for \t
alibaba/fastjson,199b68352bd358cabb388a7a2d883ca233a30899,e2cfb4f3461b965e18aa941321ff08ff127abcc8,fix,Data Flow,No,Different Packages,1,Project & Domain,1630,"The way bic obtained classname was wrong before. After bic was changed to the correct way, it could not parse the package name with Chinese characters."
alibaba/fastjson,958cd4cf97d9902101a746c75c22e8a1bef337f8,b77dd28061251b7c0d8b99f3251a479591329a35,fix,No,Business Error,Same Method,1,Project & Domain,544,"Bic tries to fix the problem that when there is a LocalDateTime type in the object, the serialized json will have different DateFormat results. The default format is set to output only 3 digits; LocalDateTime nanoseconds 9 digits"
alibaba/fastjson,cdb820925ce2e3e1cbd9646c214d998d0b98a7fd,0919985a53735120e1fbd8daa31cf482a77923b5,fix,Data Flow,No,Same Package,0,Project & Domain,1554,"BIC attempts to add serialization support for public member variables, but does not restrict modifications to public final"
alibaba/fastjson,a2f2212eff39239a2956f7fd11e03555a414c28a,d291f2ded8fed388c059fb6bb3b54e65047dc305,fix,No,Unchecked Null,Same Class,0,Programming,1524,"Bic wanted to fix the generic related multi-layer inheritance class problem, rewrote a lot of code, deleted the original null judgment logic, and the related variables were not initialized"
alibaba/fastjson,ef6c08a304ba53d376d8dcde9c4eff2476e27b40,0d272644b4ff43684260486629adc3e99cd45b66,perf,Data Flow,No,Same Location,0,Project,3242,"Bic wants to optimize the performance of deserializing floating point numbers. When the length is small, it directly calculates (numerator divided by denominator). When the numerator and denominator are large, the division error"
alibaba/fastjson,ce055537903a4f9e2c62116a0f76c2d93b287584,4fe3a168817770f7c746c871d5f48e2eded19435,fix,No,Business Error,Same Method,0,Domain,550,"BIC wants to add support for generics, but does not handle the issue of generic erasure"
alibaba/fastjson,c71dd0b58d8db5bae835c84b1d80e8823908b17b,84e4d52fb941a60317e257e60a23de31cde360ca,feat,No,Business Error,Same Method,0,Programming,1710,"BIC enhances the processing of deserialized arrays, adds judgment, but does not add full, and directly throws exception in else"
alibaba/fastjson,fbbe4f097747478c52734f811c48f50079549949,5e3b5a3156013ca5815fcb804751daf627a95806,fix,Data Flow,No,Different Packages,0,Project & Domain,2157,"Bic attempts to repair and enhance the serializer, and deletes the WriteEnumUsingToString logic, which causes the output of the enumeration type to fail to meet the specification."
alibaba/fastjson,05b9fa95d8dd353cce02d5ea55388c73bf18e1a3,9d99593150b1f721ffc3ad0feb18508de0e13717,feat,No,Business Error,Same Method,0,Project,1654,"BIC tried to fix and refactor, creating a new abstract class, but deleted some of the judgment logic"
alibaba/fastjson,ce3c5465bdbb55bce36f9acd02704fb9c04207c8,ffa02d528d1bb83476cba8d591d8ed1306775b75,feat,No,Business Error,Same Method,0,Domain,1548,"BIC adds support for time zone judgment, including the judgment of time zone being a full hour, but does not consider the case of time zone being a half hour."
alibaba/fastjson,8946cec232b4cd95b35cb804f9f747c28286cce0,12d54d284e32538830001871fd4beeda92369def,feat,No,Business Error,Same Method,0,Project & Domain,1361,"BIC adds processing conditions, and performs special processing when the key is a specified value, but the step of adding a deserializer is missing, resulting in NPE"
alibaba/fastjson,0867549b20c6a70fde8a11b41116034c2e94083b,84835dd3cfb46939eb595742ea8d7d74918034bd,fix,Invocation,No,Same Class,1,Domain,1612,"BIC adds a function to handle null collection, but the function lacks a catch for exceptions"
alibaba/fastjson,57aff945aae44d0adb86467133b3e3dc19044d5e,ba07795057a92f6af12191d5c74fff1649725565,fix,No,Business Error,Same Method,0,Programming,1203,"Bic deleted the else branch of dot=='.', resulting in no setting for millisecond"
alibaba/fastjson,d77d469a821373f6b4ac8bc52306e35fd41b0a34,d672cc22ae2857406da3f2acf2fe6a0d2346224f,fix,Data Flow,No,Different Packages,1,Project & Domain,1204,"Bic adds escape output for special characters such as @, but does not add escape processing during parsing"
alibaba/fastjson,21c2f4b2f963c044e4adafef4ddd966661526af9,89f0721acd6d121ea4dddbd3974537b2bb3ddd58,feat,Data Flow,No,Same Class,0,Project & Domain,124,"Bic adds refValue processing, and calls the eval function when getObject is null, without considering whether it is empty downstream (eval is required only when the downstream is empty, and BFC actually avoids eval)"
alibaba/fastjson,18a99f2d449321393f57d50e2fbf35ca5748fae5,341fc39f1b341ff1574e83c6cf51536cce758fcf,feat,Invocation,No,Same Package,0,Project,1161,"Bic adds nameHashCode generation, calls its own (previously) implemented string processing extract and lower, and extract does not consider the uppercase to lowercase conversion problem"
alibaba/fastjson,cdb820925ce2e3e1cbd9646c214d998d0b98a7fd,57f99a33a0e2870c47bc3e43a4db06dd573b3503,feat,Data Flow,No,Different Packages,1,Project,124,Bic adds support for public fields. The test case is for public Date. The parsing logic of Date is not implemented in Bic.
alibaba/fastjson,76da49cce6107ff399427ee12cbb7379744a70f2,e7c824ddc115bf8bb575ce4d83d7235e0cc39bdd,feat,Data Flow,No,Different Packages,0,Project & Domain,1360,"Bic adds output of serialization type, and deserialization of empty Map is incorrect"
alibaba/fastjson,33eaec097f6cf7c23c7cf8dc08f9ca7b21f9f54c,30824c9fc7cffe0e564952160e381fbd494ee161,fix,No,Cast Error,Same Method,0,Programming,2217,"Bic modified the way to judge whether the key is empty, but the key is not necessarily a String"
alibaba/fastjson,4a00e8d4f5dea920a84fda05ff470d2b3c66c7c0,c4343c398b1ab609251bad4c13112a428aaa62ec,fix,Data Flow,No,Different Packages,0,Project & Domain,1421,"BIC assigns a value to the deserializer, but there is no related branch in deserialize, so an exception is thrown."
alibaba/fastjson,dba0e92448284de00159f8933842d2f10bc13259,2a5e510ac9ba25883cb395565ecb3b74511e2b65,fix,Data Flow,No,Same Method,0,Domain,388,"In order to correctly assign values ​​to context, BIC causes the subsequent parsing logic to be incompatible (in a large method)"
alibaba/fastjson,0c88e4961730aa81bffcaf8f480193095a114937,ec7b6c3d7fe1b5d3c9ae23b5f41241c0b423c0fe,perf,No,Business Error,Same Method,0,Domain,972,BIC introduces new conditional checks that may cause fields to be skipped during serialization
alibaba/fastjson,cdb820925ce2e3e1cbd9646c214d998d0b98a7fd,663d57d1c7dc89b80354b6b4ae80600f4c078cfd,feat,Data Flow,No,Different Packages,1,Project & Domain,124,"BIC adds support for public fields, which is not compatible with the subsequent deserialization of fields, resulting in null pointers"
alibaba/fastjson,5bb5616218a627d3217412674d0e7e183aae10cb,54ec28b4e8e557e14ba7296432a952d3b8512c16,fix,No,Cast Error,Same Method,0,Domain,432,"BIC needs to fix the handling of generics, but does not support generics with multiple levels of inheritance"
alibaba/fastjson,d50b584f3e9ffd37d82ac0cad62c196707417957,61ff5e84fec5022c2113288721f6435d84983a65,refactor,Data Flow,No,Different Packages,0,Project & Domain,124,"BIC refactoring removes the logic related to parameter default values, and BFC gives default values ​​when deserialized to null"
alibaba/fastjson,8d74f9e5a034888610ca3199807e2eec64178210,97d0eb057803450f7cf5f6a5b67a09427880d919,fix,Data Flow,No,Different Packages,0,Domain,1407,"Bic fixes the problem of missing time data in serialized Calendar type, and adds a length limit when parsing strings, which makes it impossible to parse date strings in the correct way."
alibaba/fastjson,9a73b31ca0b97e66876481c0542d43542f6ca5d3,28b3d81c9031c8ec4a8ee80cea8e9c01a93addc9,refactor,No,Business Error,Same Method,0,Project,1236,"Bic is refactored, and the statement for updating variables is missing"
alibaba/fastjson,7b416faa1015ce04505e88d1f9b0575bcf13657f,c8c0005a1c00a3ac7622c87f9733147611494361,perf,No,Business Error,Same Method,0,Project,1586,"BIC adds judgments on different classes, and does not judge the case where method is null in the previous case"
alibaba/fastjson,76da49cce6107ff399427ee12cbb7379744a70f2,781536ff04fd6ead8c769bb2269668d32261f634,feat,No,Unchecked Null,Same Location,0,Project,124,ResolveTask not initialized correctly
alibaba/fastjson,2c5d7ce4f9a807b08bb9db8134c58839f54c3358,05b9fa95d8dd353cce02d5ea55388c73bf18e1a3,feat,Data Flow,No,Different Packages,0,Project & Domain,124,"Bic adds serialization output for sqlDate type, but does not have a matching deserialization implementation for Timestamp type"
alibaba/fastjson,660f57fc78e8f8d939b22f6ede7df353bf1aeccb,8de96c5d9368366cee7be93b6ac79ea998aac3aa,feat,No,Business Error,Same Method,0,Programming,546,"BIC adds string scanning, and there is a subscript error in the processing of escape characters"
alibaba/fastjson,473a4110a7d25fb91a2cdde4d297484d2b23818a,eeee9d4f26ba297fabc2fc55a677693f5d488195,feat,Data Flow,No,Different Packages,1,Project & Domain,1555,"Bic attempts to add serialization support for public member variables, but does not support the case where the Date type field format is not exactly equal to ""yyyy-MM-dd'T'HH:mm:ss.SSS"" (bic same as 466)"
alibaba/fastjson,07cb5802afe7d30e3b33cce3f69bc599c9d79e75,f1e7074e0e48b9b96b5a2aacead2d18c168db037,feat,Data Flow,No,Different Packages,0,Project & Domain,124,"Bic adds output of class name during serialization, and the corresponding deserialization fails"
alibaba/fastjson,91f3aff0aa635e1bca724df76ff61228012d85f7,2ff3a44892c72ce0591a4b226d89d07cc7099a89,feat,Data Flow,No,Same Package,0,Project,3086,"Bic enhances the parsing of Date type, adds judgment and field assignment logic, resulting in incompatibility"
alibaba/fastjson,1ffa44c25e367981762d2ea29f120b719846a94d,275da29e451773a8abf12dfbb58d81a8b3fa96ae,fix,No,Business Error,Same Method,0,Domain,462,"BIC solves the problem of missing information in deserialization exception classes, adds operations such as setValue, and causes exceptions in enumeration classes"
alibaba/fastjson,8d74f9e5a034888610ca3199807e2eec64178210,1150562b057d194cb802db57b085f322a0e274f0,fix,Data Flow,No,Different Packages,1,Project & Domain,124,"In order to fix the bug of losing time data in serialized Calendar, bic determines whether to use Dateformat for parsing based on fixed length, which results in an exception when trying to parse a string of type yyyy-m-d through parseLong"
alibaba/fastjson,473a4110a7d25fb91a2cdde4d297484d2b23818a,ac5a7fdbc7cc462627fa95aade4c214778eb99df,feat,Data Flow,No,Different Packages,1,Project & Domain,124,"BIC attempts to add serialization support for public member variables, but does not support parsing empty arrays as null (BIC will not add empty arrays as public fields in test cases) (BIC is the same as 466)"
alibaba/fastjson,7b416faa1015ce04505e88d1f9b0575bcf13657f,1cd7ae743ad5f4da9224617546df27d456eae2d8,perf,Invocation,No,Same Class,0,Project & Domain,124,"BIC improves performance and adds a lot of processing logic, but does not handle certain types (map/JSONObject) correctly."
alibaba/fastjson,56272ce478a1542972598a0d6ad699436139dfbb,ce11a7b93725d2bfa8b492beff8a29fe853e0d5f,fix,No,Business Error,Same Method,0,Project & Domain,1106,"Bic fixed the problem of not being able to process annotations, resulting in incompatibility with toJSONObject"
alibaba/fastjson,44b945b2ba2a72dc36ecae3ad68c01f0bd353b5f,994ef3c54ab84a9cba8849de36b36affac5db790,perf,No,Business Error,Same Method,0,Domain,4536,"In order to improve performance, bic adds a scanFieldString Array function, which does not ++index when encountering spaces"
alibaba/fastjson,34342bec4f11298c9a52997ad066c19e47726e1e,15dead6fcbb32402b9a3a4802c24f1780d6e1901,refactor,No,Business Error,Same Location,0,Domain,1468,"Bic was refactored when using binarySearch, but forgot that Arrays.binarySearch does not just return -1 for negative numbers"
alibaba/fastjson,7b416faa1015ce04505e88d1f9b0575bcf13657f,77315628fbe635ec417bc45c237527577092e742,perf,No,Business Error,Same Method,0,Project,124,"In order to improve the performance of parseObject, bic rewrote the function in the subclass, but lost the logic of class being JsonObject (which existed in the parent class)"
alibaba/fastjson,18a99f2d449321393f57d50e2fbf35ca5748fae5,e4c86bb66a3a2b521178848adf0c50a5d842f777,fix,Invocation,No,Different Packages,0,Project,1435,BIC added fnv1a_64_extract which does not consider the case issue
alibaba/fastjson,57aff945aae44d0adb86467133b3e3dc19044d5e,308968dd54726517cfe020ba54b2f7758723fcde,fix,No,Business Error,Same Method,0,Domain,124,"Bic fixed the problem of incorrect time zone parsing, and the parsing of +800 format was incorrect"
alibaba/fastjson,be167060cba49aa15fd600b0f878eda2048a4eaa,317476cee6dc6f7350d6bf0063cb22d0c9f26da5,feat,Data Flow,No,Same Package,1,Project & Domain,1445,"BIC adds the serialization capability for tab, which causes errors in date string serialization"
alibaba/fastjson,1ac787a0a6cb8ee72bd2621121cf1af6aea3f630,618c5deda4be5679ec640539d81d2c3fe50b88ca,fix,No,Business Error,Same Method,0,Project & Domain,727,"Bic wants to fix the parse empty object error and give a default empty object, but the Cloneable interface cannot be instantiated"
alibaba/fastjson,76da49cce6107ff399427ee12cbb7379744a70f2,a117a37cdf8172748dde4c00d06fca06a0ef29c4,feat,Data Flow,No,Same Package,0,Project & Domain,124,"BIC adds map reference serialization processing, but no adaptation"
alibaba/fastjson,f85f1871b1d0e5b85d8bb23abb7aef35aceb1e35,f6a05ec418f225a586f86592c3f14180d5cb3096,feat,No,Business Error,Same Method,0,Project & Domain,911,"BIC implements get and set, but does not handle fieldnames starting with an underscore correctly (substring index is incorrect)"
alibaba/fastjson,0592df5c881f0f5c2bb3ed21e59288c42c83a88d,e6a5a1298405ee2dc1118410bf26953d2175ad7c,feat,No,Unchecked Null,Same Method,0,Domain,782,"In order to enhance the support for interface annotation, bic adds a check for the parameter in isAndroid, but does not consider the empty check"
alibaba/fastjson,ef6c08a304ba53d376d8dcde9c4eff2476e27b40,f5b7a5fce0b61e7150bb27813135e1b1efb97b46,perf,No,Business Error,Same Method,0,Project & Domain,124,"In order to improve the performance of floating point parsing, BIC uses its own implementation to parse at a certain length (calculating integers based on decimal points and power division), but integer overflow occurs."
alibaba/fastjson,78568ee206ffc302c591691cebed2526a5778d9d,0ac9d327e5f8f504e07ca6d9763443b81ba9ca44,feat,Data Flow,No,Different Packages,0,Project & Domain,1656,"BIC supports parsing functions with two parameter types, but does not handle fieldInfo properly."
alibaba/fastjson,b1222868654e6d508374110ae35e48613acc45ea,a97885cf1239701c7446a5bfe548f7dd3c00a5e2,perf,No,Business Error,Same Method,0,Project & Domain,1533,"BIC has been modified, and the logic of matching the is prefix is ​​incorrect"
alibaba/fastjson,e4562183cf45c0c5f77c446350da6b89ccf49687,0ffcd17389e26eba0873fcb34e5ae03c8bf3e230,perf,No,Business Error,Same Method,0,Project,1147,BIC handles the type incorrectly.
alibaba/fastjson,52652252e7095ecb11bfe8baddd2a087c04fa14e,1ccd0f19e72487545ba01078928b99aebc92505d,feat,No,Business Error,Same Location,1,Project & Domain,431,"Bic adds support for use 'yyy-MM-dd' format, but does not add related configuration judgment at the same time (this logic belongs to a separate control branch, and the original logic has judgment on this configuration)"
alibaba/fastjson,57aff945aae44d0adb86467133b3e3dc19044d5e,a0474391a76536f2d28200e776caf20841d248d2,fix,No,Business Error,Same Method,0,Domain,124,"BIC fixes the problem of losing time zone information when deserializing ISO8601 dates without milliseconds, and loses support for +800 and other dates."
alibaba/fastjson,6326029f04de93af06465090199eb045d7b8eaf8,d8e8cfd71591d2377896972a3fd9a6bc53a6ffe7,fix,No,Business Error,Same Method,0,Project & Domain,547,"BIC attempts to fix issues with generics, but generics support for multi-layer inheritance fails"
alibaba/fastjson,03cd1676a16d00c5e9001379f73e20975516e8cc,adc8642927d5830b841d95637f69340d233dd03f,feat,Invocation,No,Different Packages,0,Project & Domain,952,"Bic adds parsing of object arrays. However, if the Java bean class is too large, the jump address in the bytecode generated by ASMDeserializerFactory may be negative if it exceeds the range that can be represented by unsigned int (involving multiple supporting modifications)."
jdereg/java-util,20cbc65e6dce821d08efa9620f455020635013da,80d61f1a75bb84df798c9442bb22a6a4ca589bd6,feat,No,Business Error,Same Location,1,Project,125,"1) The put of isAppInitialized is unreachable, causing isAppInitialized.contains to be invalid and in an endless loop;"
jdereg/java-util,20cbc65e6dce821d08efa9620f455020635013da,80d61f1a75bb84df798c9442bb22a6a4ca589bd6,feat,No,Business Error,Same Location,1,Project,125,"2) isAppInitialized should not be cleared during clearCache, but it is cleared"
jdereg/java-util,765b42990327d81fb54f6b49e6dbc943b434f675,1fd15f8c9d558b4f7241313ba66e20e8fe7ef4b7,fix,No,API Misuse,Same Class,0,Programming,446,"Bic has modified the add and addAll methods, and the initialization of the iterator is wrong!"
jdereg/java-util,3bc9460ab8cc7db1facc90be0c1d2b695758014c,7ce32e8f52af1d4caf1a78201937b5e0f9b5d503,feat,No,Business Error,Same Method,0,Domain,971,"BIC has improved the equality judgment of collection types (sorted and unsorted), but the judgment of collection and non-collection types is incorrect."
jdereg/java-util,d8a1ed2b783de1a8933234ff19bff4c75467ee54,0eac4e2150b0dd15b12230c568db22d44fd5e636,feat,No,Uncaught Exception,Same Location,1,Project,124,"BIC has been enhanced to add judgments for many cases, and to throw an exception when the cell is empty (instead of correctly handling the empty cell), causing test case exceptions"
google/closure-templates,a3632fa5c95d50095999bf56d2a63c35dbe1a85e,487d376c923317a183e30fa51d89de5314f802e5,feat,No,Business Error,Same Location,0,Project,124,I want to avoid Jscompiler's optimization by moving $$legacyObjectMapToMap to a separate file. This is a workaround.
google/closure-templates,ffd8586cc39cd5bfb43ec8ddd9a293a999c43003,04922d30cc12a1b52eb6e63cbb217ba2baa78f86,feat,No,API Misuse,Same Location,0,Domain,124,+ in js is non-associative. Changing the combination of operands will lead to different results. The incorrect use of Group.create in bic adds () to the expression.
google/closure-templates,c8858e098f45e874f328a805c980f3f1ed564abe,425a6843f5056f4aa6930e899bdbd37663f8858b,feat,Invocation,No,Same Location,1,Project,1187,"visitArithmeticOpNode is called in visitDivideByOpNode, and visitArithmeticOpNode is changed to computeLowest CommonTypeArithmetic to call getSoyTypeForBinaryOperator, but getSoyTypeForBinaryOperator cannot process String and float"
google/closure-templates,f22140beb890e1cc9ff8fdfe41612dc4301495f7,04e566585cb0282a32e3138d6edebaa29c6367e7,feat,No,Business Error,Same Location,0,Project & Domain,2426,"BFC is a revert of BIC. The test case has an additional ""strict"" for BFC. BIC is passed after it is deleted (specification, added function)"
google/closure-templates,5fb13f9b1fe95c71dddaec499d64d767c8f252d3,2fdda09b1a821d6fa5f176b42190f4787f6159bc,feat,Data Flow,No,Different Packages,1,Project & Domain,7370,"BIC adds support for comments, resulting in an inappropriate number of nodes"
google/closure-templates,1f0f5b630801231fe57a07e1d4f522806329e17c,84e9a1aa4ac47526934c4e7ab69c440925f224e4,perf,No,Business Error,Same Method,0,Programming,1731,BIC uses hash tables to improve performance. It does not take zero msg into account when allocating memory. A large amount of memory will be allocated based on calculations.
google/closure-templates,ed1369a3a6fcaea78d0418af5c696217cd985f05,2d6826df57ce5ffa1a43bddf3b372fe930226ad2,feat,No,Business Error,Same Location,0,Project,1462,BIC adds overloaded vistor methods
google/closure-templates,ffd8586cc39cd5bfb43ec8ddd9a293a999c43003,04922d30cc12a1b52eb6e63cbb217ba2baa78f86,feat,No,API Misuse,Same Location,0,Domain,124,+ in js is non-associative. Changing the combination of operands will lead to different results. The incorrect use of Group.create in bic adds () to the expression.
google/closure-templates,6efe470dc3d9119886827e70bc2641f62b23c4dc,ef0e5b59f9e5631390ad1164d3ee62ffc6c263ba,feat,No,Business Error,Same Location,0,Project,2790,BIC adds a feature that automatically rolls back if a test case fails
google/closure-templates,a3632fa5c95d50095999bf56d2a63c35dbe1a85e,487d376c923317a183e30fa51d89de5314f802e5,feat,No,Business Error,Same Location,0,Project,124,I want to avoid Jscompiler's optimization by moving $$legacyObjectMapToMap to a separate file. This is a workaround.
google/closure-templates,a3632fa5c95d50095999bf56d2a63c35dbe1a85e,487d376c923317a183e30fa51d89de5314f802e5,feat,No,Business Error,Same Location,0,Project,124,"bic move $$legacyObjectMapToMap to separate file,bfc 自动rollback"
srikanth-lingala/zip4j,fd6b4ce84e25f9e16babd8e127d1a0be308ebe13,860965237a746e481071a656377633f84dfb388b,fix,No,Business Error,Same Location,1,Project & Domain,2789,"Fixed renaming and removing files from zip. The calculation of the byte length of the file in copy was overwritten, and the calculation was wrong and gave a negative value."
apache/commons-compress,9bdacbfb9631d3a3710a64f35482c643b78a2e79,7250daa429020181bb5a4c40d1aaa169631b8496,fix,Invocation,No,Same Package,0,Project & Domain,124,"Added tais.getNextTarEntry().isCheckSumOK() to fix the bug that some non-tar files were misidentified. This method will call verifyCheckSum, which will miss bytes when the first six digits of the current header file contain 000."
apache/commons-compress,915fdd3fcb55f81fbb4f63f9f9752c329488c524,f8bf45444c49053a92f6f560c5008d5ac43aa27f,fix,No,Business Error,Same Method,0,Project & Domain,487,"BIC adds an if branch to handle a special case and deletes part of the test case; BFC is revert, causing BIC to fail the test case"
assertj/assertj-core,df58d622a8ea4d68697559787089884fc2b80bf8,8d83c419f34f7dab982cd84d438480cf74e3b17a,feat,No,Business Error,Same Method,0,Domain,1388,"Add bareNamePropertyMethods to directly findMethod, findMethod causes static methods to be considered getters"
assertj/assertj-core,337f99eee5cdcab9270145c47b429cbc48fb0134,a52f7d08317cf4bae7947508324885f5e2086d7e,feat,No,Business Error,Same Method,1,Project,1933,"Bic attempts to add support for nested Maps, but puts the judgment of Map first, which destroys the normal Map processing logic."
assertj/assertj-core,5db57c822a8df11ec657767c502a083c1dc5f21d,ed73abf81f99c431687b58a60f087e75038f27ad,feat,No,Business Error,Same Method,0,Domain,837,"BIC adds support for iterators, but does not implement consume(next) correctly"
crawler-commons/crawler-commons,569ec9b8cd7f83a7f311bf0cfcc7c2e6cde0b5d8,f598af8d28df11cfccd96962eb9034a35409ed2e,feat,Invocation,No,Same Package,0,Project & Domain,1991,"Use ETLD instead of PTLD, but ETLD previously had no constraints on private domain names"
crawler-commons/crawler-commons,ee69049db0eae41bfc0549ac7fa4f3f6058f5f49,82859c2b1a01844f257795944b516ad2a1c0749b,feat,Data Flow,No,Different Packages,1,Project & Domain,9576,"Bic removed the DOM-based parser and changed the way XML is parsed, causing the lastmod element to fail to parse correctly."
crawler-commons/crawler-commons,03163d0b3f9151b3a72ba80a80f012b8c567f235,f598af8d28df11cfccd96962eb9034a35409ed2e,feat,No,Business Error,Same Method,0,Domain,213,BIC adds support for TLD without setting excludePrivate parameter
davidmoten/rtree,08a6485f741c74d1b4236685e3dc6c0b6b0da08d,49fe7d4a916f9652cdec2a56e21260fb519b1e03,refactor,No,Business Error,Same Method,0,Programming,3935,"The reconstruction is incomplete. When double is used, Float is incorrectly returned, which causes Float to be serialized as 1.0 during serialization."
davidmoten/rtree,a7a984a8d5c5baa83d4919f87132ae074ef0c51d,8786a08157f31ccd61ed75437912a9a4c3b21b48,feat,Invocation,No,Different Packages,0,Project & Domain,1629,"Bic changed the function of determining whether there is intersection from the external JTS to its own Rectangle2D implementation, which has problems"
davidmoten/rtree,4b4c7487ac40f68e6ef2d2edeb894a9d5682667c,f6aa774eca578976e90975b56a7c5a73c6bd9913,feat,Invocation,No,Different Packages,0,Project,9296,"Bic adds double precision Rectangle and other implementations, and also has Float precision implementations. When returning results, only double precision is returned (without matching judgment)"
davidmoten/rtree,a7a984a8d5c5baa83d4919f87132ae074ef0c51d,3cb0490709bb98d49990d49113009a4951aff5d8,feat,Invocation,No,Different Packages,0,Project & Domain,124,"Bic removed the use of the JTS package and re-implemented Line intersection judgment, resulting in incorrect support for zero area rectangles"
vert-x3/vertx-codegen,3f9a7371eb6973fc52b28bf713a2dc10c44aaf17,9cef2a50d229507cbacb534089f22af8b0de4544,fix,No,Business Error,Same Method,0,Project & Domain,617,"An exception should be thrown if it is not a json-related interface, but the addition of if (optionElt.getKind() == ElementKind.CLASS) causes the branch error where the exception is thrown"
google/closure-templates,a3632fa5c95d50095999bf56d2a63c35dbe1a85e,487d376c923317a183e30fa51d89de5314f802e5,feat,No,Business Error,Same Location,0,Project,124,"bic move $$legacyObjectMapToMap to separate file,bfc 自动rollback"
INRIA/spoon,91f9fbdcecce19f3b70ca82c7deef39f900075ae,4ccbf0a1e7cc092d2b75aac767d3797eb10c0399,fix,No,Uncaught Exception,Same Location,1,Project & Domain,1445,"To support access to static raw stone type fields in annotations, JavaReflectionTreeBuilder.visitField is improved, resulting in an uncaught exception JavaReflectionTreeBuilder.Scan error"
INRIA/spoon,a4a9b20407d1a6af69c2e9cdd942ed4f8fd7c4fd,34b99e0c283e54fa281f5a3b9a85dd4af8cb6d8a,fix,Invocation,No,Different Packages,1,Project,810,"Make compilation errors visible to the public, which was not previously visible. This also exposes that savecache always compiles, and now savecache should not compile when compile is false"
INRIA/spoon,4efa8010e070e6b02abc6893b9d4e73502c1aa6e,f49b43d92cadf2a250527e957cbb710321be6959,fix,No,Business Error,Same Location,0,Domain,761,"Bic tries to fix parsing lambda expression comments, the position calculation logic is wrong"
INRIA/spoon,8a14aad51bda644da36251f0d4c6a508af1dc3cb,3df8d16b4ee013aecbeb8e560867cbe42e254a0c,feat,No,Business Error,Same Method,0,Project,1385,"A large number of bic modifications were made, involving multiple files. In order to delete a logic, the if judgment was incorrect."
INRIA/spoon,e731919f87e189b5c09a7dad06a815b227047b56,09cf967419583cf9731b7f5a158d69b0e961fa0a,refactor,No,Unchecked Null,Same Location,0,Project,1196,"Bic deleted the related empty logic, resulting in NPE"
INRIA/spoon,a8c907f73918bd3816a86a1de97b3a4e482727b5,d55f9c4b13384b5b8bc45aba24884721d9a19d00,feat,No,Business Error,Same Location,0,Project,843,"BIC adds access to inner classes with default visibility, but does not apply to other situations"
INRIA/spoon,2f594e5ca849ab1f8bda0c4204bd70f196f20138,7bd8e517856fe1477d8f8f52721df968a838cc21,refactor,Data Flow,No,Different Packages,1,Domain,4766,"Bic has made a lot of changes to adapt to JDK6, and the switch string in OUTPUTType has been changed, resulting in value errors"
INRIA/spoon,92ee4ba218ba99be72762b079b1553d0c2401ff2,4223c68994430e27a59737ede386642fa100da09,fix,No,Business Error,Same Method,1,Project,1143,"In order to fix the diamond call problem of the constructor, bic added the tryRecoverTypeArguments logic, but did not handle null correctly"
brettwooldridge/HikariCP,d6ddff7ff528e980907c1bd171022b27a2344a97,281c2872880bd67e294fc8cc41bffb89857a9c66,refactor,No,Business Error,Same Method,0,Project,124,"Use quietlyCloseConnection instead of connectionProxy.close(), which may cause the thread to not be killed in finally. In this case, decrementAndGet will count incorrectly."
brettwooldridge/HikariCP,b4f25170b3eae359166cab5c56f846294c25097d,b39141bfd55acae059551556de4406ee547cfb55,feat,No,Business Error,Same Location,0,Project,798,"Bic changed the status field to determine whether it is running, and BFC changed it back"
mikera/vectorz,97eca9430fb96fedfec43e04c10e596bf064d37a,b575566ea2bdc6b6c0a30f6ec1daeb97382d54f6,refactor,No,Business Error,Same Location,0,Project,1449,"dest[destOffset+i]=dest[offset+(stride*indices[i])]; In the method before override and other overloaded methods, dest[xxx]= this.data[xxx]"
mikera/vectorz,f2b1c6a625e6a462a94d9fe9ddb1e51843b5d768,55efaf21a075202ba6b78305e65be802505bc9a9,refactor,No,API Misuse,Same Method,0,Project & Domain,390,"To find the inverse of a diagonal matrix is ​​to find the reciprocal of the diagonal elements. Bic changed the original code for finding the reciprocal to DoubleArrays.reciprocal, but passed the wrong parameters. newData=new double[dimensions]; is used to store the result, but there is nothing in it."
mikera/vectorz,59f06be9dd7d63e558448e4c3d1d0d95b011462e,e37944e1410f5edbc47952ab67131d880baf7627,feat,No,Business Error,Same Method,0,Project,586,"Bic wants to re-implement the subVector function for JoinedArrayVector, but the subscript and array are incorrect when copying"
mikera/vectorz,415cd5db70cfb41511ecb3d89d4d99fe9825e895,c12bd12592ae7ecc343386bb5a20a99eed4a78e9,feat,No,Business Error,Same Method,1,Project & Domain,441,Bic adds an override equals method for ZeroMatrix (inherited from AMatrix). The subclass does not consider that the shapes should not be equals when they are different (the parent class considers it).
mikera/vectorz,9db4296f020a9b268bef5a6f700f1ef641f3cd02,bf64ef5380420debd169b9bcb933730a8d2dc967,perf,No,Business Error,Same Method,0,Project & Domain,8638,"Bic overloaded the set method in the Matrix subclass. It should determine the number of columns to determine whether it can be broadcasted. It was mistakenly written as the number of rows, resulting in an error."
mikera/vectorz,8ac11debaf7e4221721d6be6ae95377cf9f7d0db,83c9f2a7be6cb130eb314c07ee221568497f8f66,feat,Data Flow,No,Same Class,0,Project & Domain,764,Using SingleElementVector causes large matrices to be incorrect
mikera/vectorz,115bd172d7a310f16dea9ca465b9c41a5140f8b0,1637d1eb79319026734f2d57f42bb683ee52bfc7,refactor,Invocation,No,Same Class,0,Project & Domain,685,"Bic did some reconstruction on vector add, but did not take into account the subscript problem of 0 matrix"
getgauge/gauge-java,8ca94723ca24278fd103ba6e446d171d5a46eb9d,0e870d6ccd9ecccb599982dbda4d6e10e771cb72,build,No,API Misuse,Same Location,0,Project & Domain,3031,"The javaparser version was replaced, resulting in a problem with the returned compilationUnit annotation"
brettwooldridge/HikariCP,d6ddff7ff528e980907c1bd171022b27a2344a97,281c2872880bd67e294fc8cc41bffb89857a9c66,refactor,No,Business Error,Same Method,0,Project,124,"Bic tries to organize the code, which is equivalent to adding a subtraction operation on the connection field in catch SQLException, and there is also a subtraction operation in finally, which leads to a negative number."
jdereg/java-util,d8a1ed2b783de1a8933234ff19bff4c75467ee54,0eac4e2150b0dd15b12230c568db22d44fd5e636,feat,No,Uncaught Exception,Same Location,1,Project,124,"Added a new function, that is, outputting the type of Java objects to json, which only supports some specific types. If it is not supported, a new exception is thrown and not handled."
davidmoten/rxjava-jdbc,27557f1879c00eeffb733fe1b1ccfa1e1834d363,c2f7462cbee4f0238213bb6525bee1ab8e9dec18,feat,No,Business Error,Same Location,0,Domain,967,"When introduced into the code, attempts were made to convert all Number types (including Double and Float) to BigInteger, resulting in a NumberFormatException when dealing with floating point numbers that contained a decimal point."
amaembo/streamex,276f1008555b5c39a8ffb3ab9b68775e67d97713,0b2786e25c4f302cdb117160acae783f012518f7,feat,Invocation,No,Same Package,1,Project & Domain,466,"Replace Collector with your own CancellableCollector. Cancellable will disrupt the order when multi-threaded, and Cancellable does not support multi-threaded tasks"
jhy/jsoup,13c2af3f24fceda5b44776a5257112ac7218d038,ae80e51cf54971b6322b9b571734ffa5507c4947,feat,Data Flow,No,Same Class,0,Project & Domain,2555,"After canContainBlock is changed to formatAsBlock, formatAsBlock does not meet the previous tag distinction criteria."
jhy/jsoup,182f9033d552713c2e6cfdb93259950e169bc5e7,2f46ca2940ea3b11ab6d1c4b084e9622ab49f3aa,feat,No,Business Error,Same Location,1,Project & Domain,653,"BIC wants to treat span as block (not inline), which causes the HTML structure to change"
jhy/jsoup,78a028b9f6411c68782c1b98b2097c549b6e7940,f4061bdd897d210967540e877a5d85d826b066db,feat,Invocation,No,Different Packages,1,Project,4446,"BIC adds new functions and parameters, but does not take into account the convention that does not allow null initialization"
jhy/jsoup,f1d8912a4d6706ab9a8906eb9b4588e8fef2c86c,4744082e5dc5beb35c7dbbdbcbf7415294b5baf5,feat,No,Business Error,Same Location,0,Project & Domain,321,"BIC wanted to add support for the font tag and set it as an inline tag, without considering that it could contain block"
jhy/jsoup,57bce6dc8424637621f6b660855f23e72a08c4b3,da9b977ef99e2595602a964561906a930b4332f3,feat,No,Unchecked Null,Same Method,0,Project,4445,"BIC adds output charset configuration, but does not handle null correctly"
jhy/jsoup,436d119977bd44376e9dac92d82b21848a69732e,b4f20f07b81aa35ccf5432ed9be6f6049d9f5139,fix,No,Business Error,Same Method,0,Domain,590,"Bic attempts to fix the problem of timeout caused by too deep nodes, and limits the depth of the node stack, resulting in infinite calls and Stackoverflow"
jhy/jsoup,8749726a79c22451b1f01b14fb2137f734e926b4,bdf1df7eb3ca76cdcdaca38f7df5d941bbb1c664,refactor,Data Flow,No,Different Packages,1,Project & Domain,45913,Bic has been re-implemented. This commit has made a lot of changes. The BFC modification is to add new files. This is because the new files did not take this special situation into consideration.
jhy/jsoup,ea1fb65e9ff8eee82c4e379dc3236d09a5ab02e1,8b837a43cbe2c12624ab2088dc4ff9a725af5f4d,refactor,No,Unchecked Null,Same Method,0,Project,8196,BIC refactors the Attribute class and does not handle null
jhy/jsoup,f71712ba5d28df09c9a5b6e3c8a37f05f5e3372d,1028b37a1dfbc5dda7b18cbe692ab168c54fb505,refactor,No,Business Error,Same Method,0,Domain,10966,"Bic refactored TextNode to inherit LeafNode, and LeafNode itself does not support child nodes"
jhy/jsoup,f36b950de16f6db134bd98969cd8fbe578d37480,b033535fe2cf887de8076221a0d614abfcf17d7b,fix,No,Business Error,Same Location,0,Project & Domain,699,"BIC adds a validation rule that doctype is not empty, and BFC removes this restriction."
jhy/jsoup,8749726a79c22451b1f01b14fb2137f734e926b4,1d37cef1d8367af963fee4dc99164708f5d3c6f8,refactor,No,Business Error,Same Method,0,Project & Domain,124,"The markup is parsed for characters only, not numbers."
jhy/jsoup,277949e7115059f6f0071e1b3418b6f6cbf48e48,a14fb16d6430d8de4bf31c898d119ab713840c2d,feat,No,Business Error,Same Location,0,Project & Domain,400,"Bic integrates selector, and does not handle the simultaneous occurrence of and and or correctly"
jhy/jsoup,38049ce2808cafce3884c25c4613aaaff9f2d0d8,c324fabe86c0a59eb635610dc85d8d7a7be25c74,feat,No,Business Error,Same Class,0,Domain,2641,"Bic wants to store child nodes, but does not process the parent properly, resulting in the child nodes not being found."
jhy/jsoup,eb95cc7662dc5c438de8d9ef47ccf131bf7191a8,72fe7662416118598bc0af126c15cba3ca09d9b4,fix,No,Business Error,Same Method,0,Domain,1205,"Fixed selector so that ""parent child"" doesn't contain parent, but child parsing wrong!"
jhy/jsoup,8391b7231a2519557d41209d728acc4f422af381,11f7c1bd7a2d12f0b1150aa246c61afefd11991f,feat,Invocation,No,Same Package,1,Project,1835,"Bic implements the equals function for Node and Element, but it is not suitable when searching for equality."
jhy/jsoup,e45e53c849197be70364a63db8a7c6c8971c1ead,478b568061b317c79ba6fd018d9ac5fa931bdb02,feat,Invocation,No,Same Class,0,Project & Domain,1163,uncatch indexoutofbounds exception
hub4j/github-api,79b49a469c123335585953de1f57e106909245b4,d16a752b430d9db7444579cf753d4d175b721593,feat,Data Flow,No,Same Class,0,Domain,7218,"@Preview is changed to @Preview(SQUIRREL_GIRL), which causes annotation reflection to access private types and report errors"
apache/commons-jexl,21a1cfca333d32e373d4955df9a82d5bb7822cf1,5d191d7ea0cf081b95cb89b5352aba465b7e6811,feat,Data Flow,No,Different Packages,1,Project,34572,"The SellADD type and implementation were implemented during the Operator enhancement, but there is no adapter in the supported JexlParser.java"
uniVocity/univocity-parsers,48fd5fd661f52e8b98347d81181b2f7c8123054c,be25471badbc76f735ba77a075410f0e69a43aed,perf,No,Business Error,Same Location,0,Project,2336,"In order to improve performance, we added logic and method getQuotedString to handle quoted data, but we lack logic to handle when the data is empty at the end."
uniVocity/univocity-parsers,34632ebd31c651d7d84eac0af73729e244c0cb9e,eada3cb93e80842f63b9c784862fa45024dee7b4,feat,Data Flow,No,Same Class,1,Project,1516,"Enhanced functionality to allow CSV to get headers before parsing. This requires the original getheader to call parser.extractHeadersIfRequired() when the header is not initialized, but the original initializeHeaders() does not update the fields initialized in the header. extractHeadersIfRequired is incorrectly executed"
uniVocity/univocity-parsers,e7c1d0c8b888cc09fe4b6afc61ea6b5f1eb98a72,18dcff7a8ed411f78012e2f2cdd7f14123002af9,feat,Data Flow,No,Same Class,0,Project,4496,"handleException no longer throws an exception, but becomes return, which requires stopParsing to throw"
uniVocity/univocity-parsers,50ae63fe0585a7fe0da4a8abe1f42b15546a02c9,086b0e18b58a7c149cea55bc515fc22e5dec9c1c,fix,No,Uncaught Exception,Same Location,0,Programming,4254,BIC changed return \0 to throw exception
uniVocity/univocity-parsers,48fd5fd661f52e8b98347d81181b2f7c8123054c,f2f866b9b943e2cd4996968472134c754e11a482,perf,No,Business Error,Same Location,1,Domain,124,"is caused by changes to CsvParser and its handling of quoted strings and line endings. Specifically, the parser now incorrectly handles line endings within quotes, resulting in an incorrect number of parsed values."
uniVocity/univocity-parsers,15ca061816b19dd2988ba0bc3705f8ef68899b3b,8d8bf5d6a0abd379cd5e72b9ce0f32a74874e78a,perf,Data Flow,No,Different Packages,0,Project & Domain,3939,"BIC optimizes the input stream performance, destroying the detection of delimiters and causing exceptions"
uniVocity/univocity-parsers,4b1b8cceb103ae16f86570d5a162fa6d0c3616a8,33e9c4b6294be97e53bdc6eb1c4bd6227539addd,perf,Invocation,No,Different Packages,0,Domain,217,BIC has optimized the parsing of unquoted chars and does not handle length issues
uniVocity/univocity-parsers,1a5d197a1781737c68c75a19bdabfd2902eb30cc,c36c6814fe64304437a6af12796c475dac5359fa,feat,Invocation,No,Same Class,0,Project & Domain,1687,Bic enhances CSVFormatDetector and adds logic incompatibility after map
uniVocity/univocity-parsers,239e35f1bb861ca184bf87df2b0de08eb9c5c922,2f94c87924b6f4115466ab985e0da8db7fff500e,feat,No,Business Error,Same Location,0,Project,2847,"BIC changed the logic of allocating write space from pre-allocating space to expanding according to content, and the index addition and subtraction of the added expand logic was incorrect (this also caused an error even if only the expand call was restored to super.expand, because there was not enough space)"
uniVocity/univocity-parsers,e51b0958af69e677aa742cf4dab068654aca38dd,3d2ac0beebbcd080e9a7dc80eaaab03a4ff5e18e,feat,No,Business Error,Same Method,0,Project,449,"BIC cancels the creation of a new array with column reordering enabled, but does not reset the columns"
jqno/equalsverifier,4167e66984e3654fe7a916ed666a98e3a68ba50c,bbabc07e7ca2cd90a6e3e66b777865eb7cd94350,fix,Data Flow,No,Different Packages,1,Project & Domain,363,"Previously, the Field was assigned a value due to the modification verification. This will not happen after adding Modifier.isStatic(field.getModifiers()). This causes the Array to be null when the internal object of the Array is assigned a value."
jqno/equalsverifier,4167e66984e3654fe7a916ed666a98e3a68ba50c,36a1adb4b3e69ed2ae40fd0da73bf5119ca5940e,fix,Data Flow,No,Same Package,1,Project,124,"BIC stops modifying static variables, resulting in a failure to throw a null pointer exception?"
jqno/equalsverifier,6fedf6c696962b634ebc7bb6161b10226687f3d9,cedf5f95e660937b0f216390cbb621d0792eedf0,feat,No,Business Error,Same Method,0,Domain,2033,"Bic replaced the bytecode generation library (CGLib-->ByteBuddy), and unified the use of superclass.getClassLoader, resulting in failure to load dynamic classes"
jqno/equalsverifier,bc527ca7d56bb32fe082fe1aabc151348aad034d,16fcdfc1ecf197607ab21c9f9ee294522b72f6fd,feat,Data Flow,No,Different Packages,1,Project,684,"BIC modified the default value of the field, causing the specification to not match"
jqno/equalsverifier,848a6f14bc93b1983eece0046ded3b83f839996d,68a4ef261e7ccaf7169b795b830efbfcdc0efd86,feat,Data Flow,No,Same Class,0,Project,715,"BIC adds checks for == and equals, but does not handle the situation where static/final values ​​may be null."
jqno/equalsverifier,848a6f14bc93b1983eece0046ded3b83f839996d,359099cb89c0cb0eee97e4d2dbc109f3a22291f8,feat,Data Flow,No,Same Class,0,Project & Domain,124,"BIC adds checks for == and equals, but does not correctly handle the case where an equals method is defined for an interface"
jqno/equalsverifier,bc527ca7d56bb32fe082fe1aabc151348aad034d,3378248963a7165ac4050bb1591dac6467489a28,feat,Data Flow,No,Same Package,0,Project,124,BIC modified a configuration and ignored the test case (no changes were made to the configuration that needed to be checked)
antlr/stringtemplate4,8ad2c3dbdceeb33266da748fc209b45218916f08,025337a708ba6846a94de0784487347c24a8a0fa,fix,No,Uncaught Exception,Same Method,0,Project & Domain,124,"Changed the order of else if, causing the branch that was not originally covered to be covered. When the map key is Int, String is used to get the key"
Commonjava/partyline,77215c1d00fa1438e2aff9632b33697ab5bb774d,bcec18c3ca31e22fad2ac820b682ba8ba84f2771,feat,Invocation,No,Same Class,0,Project,124,"Bug 1: Changing end to System.currentTimeMillis() + timeout > 0 will result in an incorrect result, as the former is in milliseconds and the latter is in seconds."
Commonjava/partyline,e7b61e6085d635231a4c19c41224bb3b0e3925c2,9db15de3332587499557b79729010e601b5756cf,feat,Data Flow,No,Same Package,0,Project,4648,"eliminate read locking, but break the read functionality"
jeffheaton/encog-java-core,d8a143b7c90bbfe38ddd36db5b483057e4abebe4,16d438b15ed2d3054c68e206ed809ce7935e8bbe,feat,No,Business Error,Same Location,0,Domain,10857,"In addition, I set BufferReader to my own implementation of Read, but my own implementation is wrong"
jeffheaton/encog-java-core,a4d344409bdbd4a1ee2cb54b8543a65564422009,e385e11f43e690c56e113373cd409b9778528794,refactor,No,Business Error,Same Class,0,Domain,8839,"BIC refactored the parent class and created a new base class, but did not implement the Serializable interface, which caused a serialization error."
damianszczepanik/cucumber-reporting,51dd25432c74003acbecb5d99cd2f30ab0505f5f,fd5935b5589d268c45b6a4bc6061732222440d2c,refactor,No,Unchecked Null,Same Location,0,Domain,893,Added tags.deleteCharAt(tags.length() - 1); ignores the case where tags is empty
damianszczepanik/cucumber-reporting,ee01ffc432dbdc315ee0d278958fa4591fbe5e1f,078798351ed9716cfeeda70536302f53bd1e93ab,feat,Data Flow,No,Same Package,0,Project,4122,"The test case verifies the number of configuration parameters, which should be 8. After bfc deletes 1 useless configuration item, the number becomes 8. Bic adds 1 configuration item (10 appear)"
jeffdcamp/dbtools-query,f600e200eab32ca0d8c5c0f73adc98cfafd71bd3,40e59ced36c88a8d95375c681272ed62adf4cefb,refactor,No,Business Error,Same Location,1,Project,17765,"Bic has done a complex reconstruction (re-implementation), FilterList->Filter (has list-like functions inside) But the re-implemented functions are used. The objects in filter are reference types, and the original objects change when reused, but they were not before."
jeffdcamp/dbtools-query,7b62fe6fe211e6ecd1f2f0671df4897e9f885f8d,1d2f98576abc7a31f83dba5b9d104bb3af6cb74b,feat,No,Unchecked Null,Same Method,0,Project & Domain,1014,"Bic adds filter, but no empty check"
EsotericSoftware/reflectasm,7c3d828cc72ca6f1f58ee2e45526d5073fab33a5,900b4aab708e106bc8849055e93f42265c37e2de,feat,No,API Misuse,Same Location,0,Domain,1400,"Added code to verify constructor accessibility and exception handling, however the added code throws an exception when accessing private static classes, which is not expected."
PapenfussLab/gridss,3dfb4f4a8fb7124763aa746d9b8576db5571b48d,6c9ad0d7de2b0a26493e3fd3a83cb5011ae9d34c,fix,No,Business Error,Same Method,0,Project & Domain,2347,"I changed Typo, which resulted in a new call chain. The previous method has not been effective, and the parent class code is called."
PapenfussLab/gridss,6c9ad0d7de2b0a26493e3fd3a83cb5011ae9d34c,d02bdf5c48d9e2f389d32bf8ecd9516a6d23a4c9,fix,No,Business Error,Same Method,0,Programming,1116,"Bic Correct has the function of calculating the maximum/minimum window size, but the min calculation is written as max"
yegor256/takes,548a9397230d52e37c71635645d769f6f4c10825,8761ef3e04b0ef22514549f1fbab8e6599628941,fix,Invocation,No,Different Packages,1,Project,843,"The modified code of RsGzip obtains the changed content-length by re-parsing, but in Tkzip, the body is already closed before RSGzip is called. The fix introduced a shared object, resulting in feature interaction"
apache/commons-beanutils,8f67c1bbb9f09d82ae537aabe76979fd13827d0d,fc7a9d362dbd3c03ce32c64520c2678f6712a848,fix,Invocation,No,Same Package,0,Project,1574,"Add a method in Bic to force the result to be converted to target type, so external callers are required to provide a default targetclass"
classgraph/classgraph,ec4b7248f4c0952175a565ea692450af66617fc3,b5f6f938f88eccc55cd997b44981ded78ca7c2ec,perf,No,Business Error,Same Location,0,Project,649,"Scan judged that there was no duplication and added classpathElt to scannedAbsolutePaths. RecursiveScan made another judgment, which resulted in the sub-files in dir not being scanned directly."
classgraph/classgraph,0f7234b8c785296872b0f9a05f4674e8c3389716,c71d4ac481d00bdd727c3a6c36f8c39ee85b6f59,fix,Data Flow,No,Same Class,1,Project & Domain,1860,"Bic tries to solve the lazy loading problem by moving the matchFilenameExtension logic from scan to getSpanSpec. The original place where scan is called does not necessarily call getSpanSpec, resulting in the related logic not being executed."
classgraph/classgraph,fbea81fb7f02b3a9d6313075fdd5822aac0d56fb,de4045723a5b1737deeb672427d5e82686ae286f,fix,Data Flow,No,Different Packages,0,Project & Domain,1012,"BIC modifies class loader related information (including order), resulting in incompatibility"
classgraph/classgraph,afc0608581e529a7df80e8ef4589eed581a73061,59b85b98402ea0333894f238e6e7b4f3a8d79534,feat,No,Business Error,Same Location,0,Project & Domain,940,"BIC adds the requirement to scan descriptors even if the package root is not in the whitelist, which is inconsistent with BFC specifications/requirements"
graphaware/neo4j-nlp,fcf2e530f2a54ac92f3a972c976895a748cca0bd,031aadd1244d91d9ed5367a131332334f51404f2,refactor,No,Unchecked Null,Same Location,0,Project & Domain,4388,"Arrays.asList(((String) next.get(""pos2"")).split("","")) becomes Arrays.asList((String[]) next.get(""pos1"")); a null pointer is generated"
graphaware/neo4j-nlp,b378a948f791c8bbab5c968a43747fa13e04053a,cdb3733703dfce2dac7797d861e45d3979144bef,refactor,Data Flow,No,Different Packages,0,Project & Domain,1744,"BIC modified the annotation, causing the expected exception to not be thrown"
brianm/config-magic,daea67a25d0053dd5fedcddfa87d9dbc46a6d5a0,ca793c951290606b62345a1c9eae2dc6287b3bc7,refactor,Invocation,No,Same Package,0,Project,801,"Changed if (value != null) to else, which caused the parameter of bully.coerce to be null, requiring coerce to handle null"
bguerout/jongo,ab5d27f6f6c3750846aeabac8371a705fced4af4,1700cc36bce336d2d249a6f1a65fe2b7984c3df9,feat,No,Business Error,Same Location,1,Project,1472,"The newly added identifier is the processing of the Sting character. The incorrect logic modifies the token, causing the parameter judgment condition to be triggered multiple times."
bguerout/jongo,7d9fb0d5d4bae31b08fabdda27eb7270ec529cf4,ab5d27f6f6c3750846aeabac8371a705fced4af4,feat,No,Business Error,Same Method,0,Project & Domain,986,"BIC implements adding optional quotes to the query, but does not properly support nesting inside the query"
bguerout/jongo,ab5d27f6f6c3750846aeabac8371a705fced4af4,1366aa38294148b8fb6b940a5bacb392dd178491,feat,No,Business Error,Same Class,0,Project & Domain,124,"BIC adds string processing to the query parser, but does not process parameters correctly."
osglworks/java-tool,69edb04cf5e8bf9a478c7afd80a1f56e70626a8b,b40ce1b350a5592943c5956aae2a47eaa5ac413f,fix,No,Business Error,Same Location,0,Domain,1060,Cloneable classes do not necessarily implement the clone method
osglworks/java-tool,98dbbcac39b37a10e440469fc6b9848af5d6c4a9,91b21edf8b505b0f0a1d1edef264223ef1783c60,fix,Data Flow,No,Same Class,0,Project & Domain,1008,"Bic fixes the problem of nested structure, not completely modified"
spring-projects/spring-hateoas,f008e751ab9abecac96ed00d63527cf8fe108571,a012159f2ecd508a3f236f9c6066a115008fc529,fix,No,Business Error,Same Location,0,Domain,870,"Use CleanUp to clean up abnormal values ​​in the previous return value, but miss the case without \ at the end. You should add \"
spring-projects/spring-hateoas,f568845146d28a35795678d3b3d4583df519e3c6,7174015746f9a19529bcb5f05943e66f1385e05b,fix,No,Business Error,Same Method,1,Domain,685,Improper URL encoding handling in ControllerLinkBuilderFactory causes special characters in request parameters to be double-encoded.
spring-projects/spring-hateoas,d0ff83c62ec0901cdf827c889197760491e5d1e7,47486f42d7998146ddd2bad95894436d76960af4,fix,No,Unchecked Null,Same Method,0,Project,2998,Bic uses a wrapper class and does not consider null
spring-projects/spring-hateoas,8c4824245e6df47407209403a8516fd66444c77f,75bb8f4dac717740c1d468248f672168442c68dd,feat,No,Business Error,Same Location,0,Domain,7369,"BIC fully supports level 4 URI, but does not properly handle host templated scenarios"
gitlab4j/gitlab4j-api,f94a51d7e590159fffaa47c898cb7602569d99d9,d1f22d8c896c4652cac743391f6d0b4e30622917,feat,Data Flow,No,Different Packages,0,Project & Domain,642,"Instead of using the generic type new TypeReference<List<T>>() {}, use constructCollectionType(List.class, returnType) to make strict serialization constraints. However, Issue.class id is int, but the actual data may be String-number"
amplafi/htmlcleaner,903a6a764a50fb6abc18ad48ec62c85c79207afb,d31e0932618519b0275e38d8321c8638c10fde95,feat,Data Flow,No,Different Packages,1,Project,1606,"BIC has been refactored and enhanced, resulting in changes in the initial value of the field and subsequent parsing behavior."
antlr/stringtemplate4,8ad2c3dbdceeb33266da748fc209b45218916f08,025337a708ba6846a94de0784487347c24a8a0fa,fix,No,Uncaught Exception,Same Method,0,Project & Domain,124,"BIC adjusted the order of if else and put containskey first, without considering that key cannot be cast (compared to keys already in the map)"
alibaba/druid,db187586a08cef19923064c9f88bd1f495919128,ba51efd738500fb0be05e91b4a70b2fe432b8fac,feat,Data Flow,No,Different Packages,1,Project,706,Bic adds TYPE to the keyword map
alibaba/druid,df8d99b468e85aed87351b48e121414325165533,cbdfd80d6e2e315823272b85980fdf9b73493396,feat,No,Uncaught Exception,Same Method,0,Domain,2802,"BIC adds support for mysql6, but does not handle InvocationTargetException"
alibaba/druid,5804eea0c9b01411babac031bfaee089bf34bd37,a588725f6514e8e47b74e249c83e782670f63a67,perf,Invocation,No,Same Class,1,Project & Domain,7408,"Bic wanted to improve performance, so a lot of modifications were made, including changing the original logic of outputting integers (it originally directly used toString of large integers, but Bic changed it to convert it to long first, and then call the function that processes the long output)"
alibaba/druid,f9adf9e72a5d58b397a7010ef0d4c4bfc558ffdc,b39bdf7515b6d60c44eb5bdd9ef2ccbb9f454ba8,refactor,Data Flow,No,Different Packages,0,Project & Domain,2220,"Bic refactored SQLUtils, which made it unsuitable for different DBTypes."
alibaba/druid,6a26f35ebc1630f7a6bf0a13c9252b059953ee75,758e42ef5d05823a9f813c71197e18eea2e99c59,refactor,No,Business Error,Same Method,0,Domain,33411,"In order to reduce memory usage, bic was reimplemented and an overloaded function with integer parameters was set, and the getParameter logic of returning Map was deleted."
alibaba/druid,94638ad16faa5aebaf5d0523314ac6eee7940e67,73ba75d30be640a545a86b9f456183f8ab58a925,fix,No,Business Error,Same Method,0,Domain,707,"Bic has made a fix, adding a judgment condition that exceptioncount is 0. When preparedStatement throws exception, it is directly closed; however, it is not correctly deleted from pscache"
alibaba/druid,33914b35dfee3a46b3999f7f0a196d3573bdba24,a5e4bdd645f871a3ebba0c5da9f80755e73298b5,feat,No,Business Error,Same Method,0,Domain,2815,"Bic improves sql parser, but not finished"
alibaba/druid,ad4403deface9f755152b9ccc291245209dff017,b40dda40252e82067f540cd9eb220e8f3d80a301,feat,No,Business Error,Same Location,0,Project & Domain,1586,There is a problem with the identifier setting
alibaba/druid,6c875e1ee0edaee72dd76c7aaf929bfaca518092,293ba6f6fd02e7fc38efe5742067d8456c60c18d,feat,Data Flow,No,Same Class,0,Project & Domain,2109,"bic improves sql parser, ignores the compatibility of commas"
google/gson,23e2916947940864f828505531aa130fba6d8743,c731abb293e79b26e53db3264306768fb86ef4c4,feat,No,Unchecked Null,Same Method,0,Domain,593,"BIC makes TypeAdapter more tolerant of null, returning the nullsafe version of the object instead of returning the object directly, but ignoring the case where the object itself is null and has no nullsafe members"
fabric8io/docker-maven-plugin,eb469236deb13b01628b2863f6d8189da645ec30,0f66250160871fb441584ca00cf05b5e1c5fbaa5,refactor,No,Business Error,Same Method,0,Domain,520,"Bic has been enhanced, resulting in the loss of the original logic of adding quotes to strings containing spaces"
decorators-squad/eo-yaml,3171c848d42b7d32c69a3e608f6d30bfa39ad390,6d8dfb071e8d8308e24b159b7fc61ea5b9068f13,feat,No,Business Error,Same Method,0,Project & Domain,1347,"BIC attempts to add recursive processing for nested structures, but does not recursively process comments, resulting in key-value pairs being merged correctly but comments retaining their original values ​​when conflicting overwrites are required"
decorators-squad/eo-yaml,c4f4d4d6091de781f6448bd6973b06684f5168f6,3dec4ba20c445b36cb38683e8036b69247f297d4,fix,No,Business Error,Same Method,0,Project & Domain,700,"Bic fixes the quotation mark matching problem, adds quotation marks to key for matching, and the logic of endswith is incorrect"
decorators-squad/eo-yaml,dfc4e7fb7974945b8aa9fb42dcd406629c7d5b5c,7498e7ed0f1479ba96b4579734490e34e572bd13,feat,Invocation,No,Same Package,0,Project & Domain,1377,Is there a line break at the end of returnsValue?
decorators-squad/eo-yaml,c4f4d4d6091de781f6448bd6973b06684f5168f6,e0466f252d7ed97f15f5cb8cb47516b64551be3f,fix,No,Business Error,Same Method,0,Domain,124,Bic tried to fix the parsing of escaped keys and did not handle whitespace correctly
tntim96/JSCover,14475c403c83989e61fc23a53022da6333c70ad7,9e9fd7fca361297cc65214f272876b7ae56384d3,feat,No,Business Error,Same Location,0,Project,2253,"BIC adds the output of source name in the log, BFC removes it (the test case tests the output without adding source name)"
jmrozanec/cron-utils,ff67527e69868a2c2b05ab8a1ddcca8d8f896e44,329e40f188db70ffd2730848d2899502ad9ecad2,"refactor,fix",No,API Misuse,Same Location,0,Project,6311,"bic needs to fix the wrong nextyear, after adding the code, in the case of cronDefinition.containsFieldDefinition(CronFieldName.YEAR), createInstance is used instead of getConstraint"
lightblueseas/jcommons-lang,eaa9de2c7f5391f1e3f8a82674b68f31d7f3a8ab,fbd289259c8042cf31dbdd664dce4d5112708f83,refactor,No,Business Error,Same Method,0,Programming,4282,"BIC has done a lot of refactoring, part of which is to change the flow control from try-finally to try-resource"
scijava/scijava-common,c4de809369ec0fc907fc3581cb34d51667c1f3d2,9a9e566487253355b1f06d3e6f635a38f9fcc2cc,feat,Data Flow,No,Different Packages,0,Project,779,"Bic has been enhanced to cancel the current module after the previous module is cancelled; however, the nested implementation leads to incorrect status"
scijava/scijava-common,c68bf459a9be52c6c4070e2122a4a1dbf9966466,beb6de2d8a31d3e783123a25eefc8b7e9dbef855,feat,No,Business Error,Same Method,0,Project,958,"Bic removed support for Service parameters, but BFC added it back."
cojen/Tupl,857b59d531b38274e73d5bd10266a92214016fd1,fa9260da575fb79ddd6a82cc2a2088c323deec19,feat,No,Business Error,Same Method,0,Domain,5291,"BIC adds lock-related controls and deletes some of the original skip logic, which causes StackOverFlow in loop calls"
cojen/Tupl,522226ffe0e5eeb9b135d686d9e0d754188b0651,0f952906324add4cf801cb259ce5c13745007a65,fix,No,Business Error,Same Method,0,Programming,5399,Ignoring bounds checking
doctau/garbagecat,cfe2e60b7ca29f53e669f76d0195b1b1fe57fdc0,8845f21d302605e37b517305fccf06cc8b003583,fix,No,Business Error,Same Location,0,Project,2327,"BIC modified the regular expression to try to fix the data parsing problem (added detailed cases), but the cases were not fully covered"
mooreds/gwt-crypto,da87907033e52830aaf8cfcd27f7d53bac4ff6b5,92a6a04f443f3317363f55c1adf1ba303b08cc9b,fix,No,Unchecked Null,Same Method,0,Programming,661,"Bic fixes/enhances the problem of not being able to decrypt non-English text, adds a static array, but there is a risk of not being initialized and does not add a null check"
addthis/stream-lib,b05dbce28a6dab82f20f31e4da28b29d2b736cef,644e4e9be40e0eb69a9aef6acee6ca28643f174b,perf,No,Business Error,Same Method,0,Project,766,"Bic uses Arrays.sort to replace the original sorting method and defines a new representation for sorting, but does not consider the problem of the highest bit flipping."
addthis/stream-lib,7d77608f4bcd7a31ca86a0231840895c860030d3,7323c20e4d61a2d474441e2ea9a3ffb5518c73f1,feat,Invocation,No,Same Package,1,Project,2690,"Bic implements the addAll function to handle merges, but there is a convention that the sizes must be the same."
lemire/javaewah,f720e70f48b8fe4a68c8c82074427f1fae7909a0,f837ba0d4cfb7954fbc06c9e5eb367c48347168b,fix,Data Flow,No,Same Class,0,Project,1236,"BIC adds last word related processing, but the logic is not fully added"
lemire/javaewah,89f5658f1ee5c57c256ceba3dde7462256aac83e,f720e70f48b8fe4a68c8c82074427f1fae7909a0,fix,Invocation,No,Same Class,1,Project & Domain,4925,"Due to improper handling of words after addingLiteralWord was changed to addWord, the internal state was incorrect and the method returned incorrect results."
lemire/javaewah,d679cadb706d958cd77cf1b7ce9da28d00ce0b08,4eaaee6c62b5ec93ccd66e99e1cbca6905bc9d6a,perf,No,Business Error,Same Location,0,Project,794,"Bic tried to optimize shift speed, but made the wrong change"
aliyun/aliyun-oss-java-sdk,f1851fb28eda885dda9f208fcfee8234a76d1930,97cd57d3fb231de76d655fb886e2236dbbe44501,feat,No,API Misuse,Same Location,0,Domain,1586,BIC adds support for KMS (Key Management Service). There is an API usage error in the added code.
wsky/top-push,09fee8dc8f80afa200c4357ff7c70ab75a38c18b,995c9cae9c92b65df174be197f6f6304f3d4f9b8,feat,No,Business Error,Same Location,0,Domain,1154,"BIC parsing message adds support for other protocols, but causes problems in parsing messages under the base protocol"
josephw/futoshiki,caeea3833136af1f960370c0ca26a7c6b448c422,143b4cd1aa1090ad9c7e425b6d01193ff85d8c63,feat,Invocation,No,Same Class,1,Project,756,"Bic changed the loop of a function from 1 to <length to 1 to <=length, resulting in the subsequent index being -1"
mybatis/mybatis-3,f301c5a4fea7b3ceb69a58eee388bca2711d46ce,9ce526091cc1e9f23a29a3d868eed33f8c9f7c78,feat,Data Flow,No,Same Class,0,Project & Domain,1084,"Bic has been enhanced, adding the judgment of NULL_TYPE_HANDLER_MAP, not using the correct initialization method, etc."
mybatis/mybatis-3,a91f6c8e720145052074cd74ae9c12399880f4ca,5c239b53d8edfd68bae7ab55c82cf63a5d043a27,feat,No,Business Error,Same Method,0,Project,476,"BIC adds support for selective lazy loading, condition calculation error"
camueller/SmartApplianceEnabler,8b453fb23e11abd3b414a0de3158956b71d8d1eb,7e17ca68a694690f4b94a90b3f0c5b4c8b37e9c5,feat,No,Business Error,Same Location,0,Project,14245,"Bic adds a judgment, the if condition may be wrong"
hyperledger/fabric-sdk-java,4c3f8fc6a524beb094cfeee93228e01607d5c52b,8b976c725f719a21a1a45f2c0102fb7d6ca8f16d,feat,No,Business Error,Same Method,1,Project,2672,"This is caused by the interaction between the TLS connection setup functionality and the newly required negotiationType property. The Endpoint class now enforces the presence of this property and will result in a RuntimeException if it is missing, causing the test to fail."
gresrun/jesque,97cdb6ee6d5e5b4c1e16af1beea486628afa6723,04f67e0b75de01d6be82609561c08b87ba585ce4,feat,No,Business Error,Same Location,0,Project,3436,"BIC added a restriction that namespace cannot be null or empty (by throwing an exception), while BFC removed this restriction."
gresrun/jesque,97cdb6ee6d5e5b4c1e16af1beea486628afa6723,b7b86106f5d5364d009bbd437e141d797d587819,feat,No,Business Error,Same Location,0,Project & Domain,124,"BIC adds the restriction of not allowing null and empty namespaces, and BFC removes the restriction on empty"
vert-x3/vertx-mqtt,bde9b4520ff992d5e44121e313bf875c26c66320,efd9e36763b4f530fb19ecef93304e30062912c0,refactor,No,Business Error,Same Class,0,Project & Domain,773,Bic refactored the Client without considering resetting the connection status
chewiebug/GCViewer,9b0959053c615226611f8ecc39caf1cf5e8132e4,3d36986dee0bf3bb72cc5cc1d28eb08074f6aed4,refactor,No,Business Error,Same Method,0,Programming,1118,"Bic extracts skip logic into a method, causing local variables to not be updated and resulting in an infinite loop"
chewiebug/GCViewer,3aae01f1620934a9a5f05719f896741177f1634e,1263fcfd46014a0ad9c4739689ab0fa769f68a13,feat,Invocation,No,Same Package,0,Project & Domain,2416,BIC has enhanced the timestamp-related logic and does not handle commas.
fasseg/exp4j,7a65306acd6d5b85a120e5c3e899a3b8bce4fd39,53d2b4007164abcab5e789041d90d5b15bddf269,refactor,No,Business Error,Same Method,0,Project,9928,"Bic has done a lot of refactoring, which broke the priority of modulo operations"
OfficeDev/ews-java-api,cf42b78594fa7f4aa2b70bf2f9c17801f8feead3,7a3b6d30a7afcccd754d9a6707975a01cdde3d32,fix,No,Business Error,Same Location,0,Domain,893,"BIC changed the time parsing class from SimpleDateFormat to Joda DateTimeFormat (to solve JDK6 support issues), and the necessary pattern is missing"
AsyncHttpClient/async-http-client,6ae67d7b96d82abadda57bba1122f4b50f181b52,7d338a5ad0c76bd458f463b07ba5544f4a91fe7f,refactor,No,API Misuse,Same Class,0,Domain,559,"Bic changed the API, the test case timed out (related to network connection), and IdleStateHandler was not used"
mrniko/netty-socketio,e693aaf36b9df00adb78d1698987b7dea2dd9679,10d824dba0092e42a4f4ccbc0fef493c1ffb23f5,refactor,Data Flow,No,Same Package,0,Project & Domain,726,"Bic changed the args list from null to emptyList, resulting in incorrect serialization results (null means there is no such field, and emptyList has an empty square bracket)"
logfellow/logstash-logback-encoder,c88fb9fc0bc38a6041bc430857c4f7cd7f2d80ff,3db3db6c60c286b8f85964a32829120ad9acc82a,feat,No,Unchecked Null,Same Location,0,Domain,3319,"Bic adds support for customField, but does not initialize the string, and subsequent calls to StringReader result in a null pointer"
logfellow/logstash-logback-encoder,10396b8c147d51490602c5881893f09d7e6e260b,c6a5972f8f68b4ac879b67b1d9106063d09d3d14,feat,No,Unchecked Null,Same Class,0,Domain,3319,BIC adds support for customFields. This field needs to be used to call JsonFactory's createParser (which does not check for null values ​​on strings) and does not initialize default values.
GoogleCloudPlatform/app-maven-plugin,8effcb6b0400f2023505542d0e8a2b01877a9577,6ff4ae8fbe8c8b37b75a1893c48c7ad2b23552bc,feat,No,Business Error,Same Location,0,Domain,533,"BIC changes the logic to add YAML files, but this removes the ability to process folders."
neuland/jade4j,0aa1b10b907a015428c7fd8bd1df98e379acf9b9,cb83ea4a4da96f9a4b87c1e3a713dddac0494958,refactor,Data Flow,No,Same Package,0,Project & Domain,4560,"BIC decomposes the Conditional Token into if/elseif and else tokens, changing the way conditions are processed so that nested code is not processed correctly."
DiUS/java-faker,e1151d6cca4920cb7c3bbc38011baa3de609c7fc,3a39c2f22e9d79ff715d031844d5c18f87689587,fix,No,API Misuse,Same Location,0,Domain,1335,"Bic uses BigDecimal to implement random number generation (for better randomness), but the rounding method is not set correctly, resulting in some boundaries not being reached"
DiUS/java-faker,3a39c2f22e9d79ff715d031844d5c18f87689587,d7560762a588f66997d1577b67b8095a6ca810f1,feat,No,Business Error,Same Location,0,Domain,777,"BIC adds numberBetween to use setscale, but does not take into account the rounding problem of min == max"
cflint/CFLint,3a1a8595766e8f591d1cc7e8f1469bd8df34f4cc,a303ef462253ad5abdb871fc043a170aed2014f0,feat,Invocation,No,Same Class,0,Project & Domain,4275,"BIC has made a lot of changes, and the condition for judging whether expression is null has been deleted, resulting in the scanning of empty expression."
cflint/CFLint,d3332ad65904e640dde7c92e338af1170238f635,fdc1bd006167715bc1d6518e41971daeec0c6bf3,feat,No,Uncaught Exception,Same Location,0,Programming,29578,"Bic adds tag acquisition, but does not handle exceptions"
cflint/CFLint,d913e3964f08e293f02208378f644ff027042306,180ee288d69b92e4bfe6d4f41739a316b83466cf,feat,No,Business Error,Same Method,0,Project,1158,"BIC adds error lister and error listener, and the output of error information in the subsequent specification has changed"
basho/riak-java-client,0d82a1a488a836d1c37d1bfe221f26bd233bafa2,3b999246c650d863a5144622738fba3ad12b867c,feat,Invocation,No,Different Packages,0,Project,6220,Bic returns List instead of Collection
logic-ng/LogicNG,0371a73fcf50ee68f1f38c78254c9c64d847edf8,02b45df89da53064a07d2fe6d34b1de4ac767727,feat,No,Business Error,Same Method,0,Project & Domain,25923,"BIC enhances the calculation of SMUs. For situations where calculation cannot be performed, the original specification was to throw an exception, and the later specification is to return null."
logic-ng/LogicNG,87f078c124e5611be639dda3df7d26b7ac5bc74b,d76c40e2ff95f3906658472befd25ceaffca4b3d,feat,No,Business Error,Same Location,0,Project,499,Bic adds a simplified return logic in FormulaFactory
jmurty/java-xmlbuilder,33c7ebe7eb22dbd425ddf583505c2f4627a38809,125daed5155928a88aa9d46bf19a46df67b68a3d,feat,No,Business Error,Same Location,0,Project & Domain,539,BIC introduces a sanity check that does not allow adding elements when prefix is ​​undefined; BFC removes this restriction
jmurty/java-xmlbuilder,d3d8bbee0005e8e36ec63b01b51159b8a8ec57b4,d6635a134533e3e51437660dfe2c858e318e8dfb,feat,No,Business Error,Same Location,0,Domain,2296,"Bic added find node logic, but did not consider the type issue when returning"
codehaus/jettison,145a74a5234e424244c0efbf07552ff17cd647db,d8dccfa9c27c0169fd970b2bd200545741cdeec5,feat,Invocation,No,Same Package,0,Project & Domain,694,"Bic fixes the problem of whether getString of explicit null needs to be wrapped, adds explicitNull field and its judgment (divides null into two types: explicitly specified as null in the string and no such key-value pair in the string), but does not add it to the isNull function, resulting in the key-value explicitly specified as null not being recognized as null."
codelibs/jcifs,dbe4fea4c82c2969a56b6a80ed403a2e86066ac5,c22a612ca28a47305a044c71ec13984da3897f27,refactor,No,Business Error,Same Method,0,Programming,12069,BIC refactored the encoding and forgot to offset 4 bytes after reading the message header.
influxdata/influxdb-java,bf0ef8bdbf7693ff2cf348066c3ad1c464725007,e88a882a1a182a097b6dfc7764c7ca8ca1f83fe4,feat,No,Business Error,Same Location,0,Domain,1678,"Bic supports writing datagrams using UDP, but does not add a check for invalid URLs after parsing."
joaovicente/Tracy,f8bf848f08c4b351584ab599a405aa13f6d73455,6cde0cfd448ef7fce6703a16e46d328851634dac,feat,Invocation,No,Same Package,1,Project & Domain,646,"BIC supports double quote annotations and adds the judgment of escape symbols in strings, but the string may be null (without this judgment, null can be output normally as string null, but with this judgment, NPE occurs)"
redis/jedis,f25d70916c5267fd8185d6a9a1f65ec08b25619b,3c6092d4d4969394254761a0c649d37f0115bd0a,feat,No,Business Error,Same Method,0,Project,503,Bic modified the requirements and logic for tuple equality judgment and deleted the judgment on score that caused the error
jboss-javassist/javassist,91f6abdd9e1e637251e9bfae381afc0c6a47c1b9,f7543857669ad5fff98d61a75a4f04d848ef4820,fix,Data Flow,No,Same Class,0,Project & Domain,1732,"For the processing of bridge methods, BIC adds the judgment of bridge methods"
haku/dlnatoad,45d0d1be82915ca6680af7ed8d8c2216916a8272,52c087cc24d9837aa1e74226a3ddf0d9f24c730c,feat,No,Business Error,Same Location,0,Domain,521,"Bic has been optimized to reduce waiting in some cases, but this will cause some directories to be skipped"
rickfast/consul-client,2220fe4969b4d1f91fe380543b717ca11be74d72,0ab8cb930ec58ad11fafc7fe434d169d2b64d760,feat,No,Business Error,Same Location,0,Project & Domain,340,"BIC adds support for LAN addresses, but does not take into account the fact that lower versions of Consul do not support the LAN field."
lets-blade/blade,6025261295098e70009f20132065be194c312fad,1c9aef2a47376ebd415fe35d23394ac15be38c34,refactor,No,API Misuse,Same Location,0,Domain,1650,"Bic changed io.netty.handler.codec.http.HttpHeaders.Names.* to io.netty.handler.codec.http.HttpHeaderNames.*, causing incompatibility"
albfernandez/javadbf,00efff7d04d117d8eb343cc864e214589fee3a89,0d2b022cb606c36065a6e81d2a6057d62e7be036,feat,Invocation,No,Same Method,0,Project & Domain,3073,"In order to be compatible with JDK6, bic cannot use the BitSet.valueof method and uses its own bit operation method, which is a logical error."
jitsi/ice4j,513fb588d65de5a1437f50c51313a98a1fe18e58,105a49749e32c0ff337f0c0263caa65e303974c1,refactor,No,Business Error,Same Class,1,Domain,3640,"Bic modified the re-transmission logic of stun client, causing it to fail to use the original WaitInterval config correctly"
marschall/memoryfilesystem,c14b3677fb45429018e21fff5016abd9e15dc922,0c399d406524571fd56dff2172a0c49237ea3311,fix,Data Flow,No,Same Package,0,Project,733,"Bic adds a function to return null for unsupported Operations, but does not perform supporting type judgment, resulting in null."
